Workbook

Sheet Clinker_Data
A1: S.No | B1: Sample name | C1: SiO2 (%) | D1: Al2O3 (%) | E1: Fe2O3 (%) | F1: CaO (%) | G1: MgO (%) | H1: SO3 (%) | I1: Na2O (%) | J1: K2O (%) | K1: Mn2O3 (%) | L1: TiO2 (%) | M1: P2O5 (%) | N1: Cr2O3 (%) | O1: Cl (%) | P1: LSF | Q1: Silica Ratio
A2: 1 | B2: CLK2 4PM 05/03 | C2: 20.46 | D2: 4.649 | E2: 5.312 | F2: 65.34 | G2: 0.874 | H2: 1.562 | I2: 0.214 | J2: 0.734 | K2: 0.157 | L2: 0.253 | M2: 0.133 | N2: 0.002 | O2: 0.011 | P2: 98.522 | Q2: 2.054
A3: 2 | B3: CLK2 8PM 05/03 | C3: 20.366 | D3: 4.547 | E3: 5.122 | F3: 65.557 | G3: 0.873 | H3: 1.706 | I3: 0.216 | J3: 0.769 | K3: 0.151 | L3: 0.248 | M3: 0.132 | N3: 0.002 | O3: 0.011 | P3: 99.615 | Q3: 2.106
A4: 3 | B4: CLK2 12AM 06/03 | C4: 20.735 | D4: 4.585 | E4: 5.15 | F4: 65.054 | G4: 0.892 | H4: 1.737 | I4: 0.223 | J4: 0.772 | K4: 0.154 | L4: 0.254 | M4: 0.132 | N4: 0.002 | O4: 0.011 | P4: 97.231 | Q4: 2.13
A5: 4 | B5: CLK2 4AM 06/03 | C5: 20.344 | D5: 4.549 | E5: 5.157 | F5: 65.566 | G5: 0.861 | H5: 1.691 | I5: 0.215 | J5: 0.774 | K5: 0.152 | L5: 0.247 | M5: 0.133 | N5: 0.002 | O5: 0.011 | P5: 99.685 | Q5: 2.096
A6: 5 | B6: CLK2 8AM 06/03 | C6: 20.32 | D6: 4.64 | E6: 5.342 | F6: 65.255 | G6: 0.884 | H6: 1.711 | I6: 0.219 | J6: 0.771 | K6: 0.154 | L6: 0.258 | M6: 0.134 | N6: 0.002 | O6: 0.011 | P6: 98.969 | Q6: 2.036
A7: 6 | B7: CLK2 12PM 06/03 | C7: 20.403 | D7: 4.616 | E7: 5.341 | F7: 65.318 | G7: 0.892 | H7: 1.619 | I7: 0.22 | J7: 0.74 | K7: 0.154 | L7: 0.252 | M7: 0.133 | N7: 0.002 | O7: 0.011 | P7: 98.76 | Q7: 2.049
A8: 7 | B8: CLK2 4PM 06/03 | C8: 20.433 | D8: 4.61 | E8: 5.349 | F8: 65.284 | G8: 0.897 | H8: 1.585 | I8: 0.221 | J8: 0.765 | K8: 0.154 | L8: 0.255 | M8: 0.133 | N8: 0.002 | O8: 0.011 | P8: 98.586 | Q8: 2.052
A9: 8 | B9: CLK2 8PM 06/03 | C9: 20.483 | D9: 4.627 | E9: 5.297 | F9: 65.198 | G9: 0.895 | H9: 1.674 | I9: 0.22 | J9: 0.755 | K9: 0.154 | L9: 0.252 | M9: 0.132 | N9: 0.002 | O9: 0.011 | P9: 98.266 | Q9: 2.064
A10: 9 | B10: CLK2 12AM 07/03 | C10: 20.387 | D10: 4.604 | E10: 5.3 | F10: 65.286 | G10: 0.899 | H10: 1.679 | I10: 0.223 | J10: 0.768 | K10: 0.156 | L10: 0.252 | M10: 0.132 | N10: 0.002 | O10: 0.011 | P10: 98.84 | Q10: 2.058
A11: 10 | B11: CLK2 4AM 07/03 | C11: 20.39 | D11: 4.61 | E11: 5.316 | F11: 65.312 | G11: 0.878 | H11: 1.668 | I11: 0.222 | J11: 0.75 | K11: 0.157 | L11: 0.253 | M11: 0.131 | N11: 0.002 | O11: 0.012 | P11: 98.841 | Q11: 2.054
A12: 11 | B12: CLK2 8AM 07/03 | C12: 20.552 | D12: 4.534 | E12: 5.259 | F12: 65.302 | G12: 0.88 | H12: 1.665 | I12: 0.217 | J12: 0.746 | K12: 0.151 | L12: 0.249 | M12: 0.132 | N12: 0.002 | O12: 0.012 | P12: 98.341 | Q12: 2.099
A13: 12 | B13: CLK2 12PM 07/03 | C13: 20.613 | D13: 4.553 | E13: 5.26 | F13: 65.271 | G13: 0.869 | H13: 1.629 | I13: 0.215 | J13: 0.739 | K13: 0.15 | L13: 0.254 | M13: 0.133 | N13: 0.002 | O13: 0.011 | P13: 98.006 | Q13: 2.101
... A26: 25 | B26: CLK2 4PM 09/03/2026 | C26: 20.273 | D26: 4.545 | E26: 5.127 | F26: 65.712 | G26: 0.89 | H26: 1.679 | I26: 0.207 | J26: 0.722 | K26: 0.15 | L26: 0.248 | M26: 0.132 | N26: 0.002 | O26: 0.012 | P26: 100.247 | Q26: 2.096
B27: Average | C27: =AVERAGE(C2:C26) -> 20.449 | D27: =AVERAGE(D2:D26) -> 4.57244 | E27: =AVERAGE(E2:E26) -> 5.247 | F27: =AVERAGE(F2:F26) -> 65.41028 | G27: =AVERAGE(G2:G26) -> 0.88068 | H27: =AVERAGE(H2:H26) -> 1.62944 | I27: =AVERAGE(I2:I26) -> 0.21648 | J27: =AVERAGE(J2:J26) -> 0.74344 | ... Q27: =AVERAGE(Q2:Q26) -> 2.08272

Sheet Slag_Data
A1: S.No | B1: Name | C1: SiO2 | D1: Al2O3 | E1: Fe2O3 | F1: CaO | G1: MgO | H1: Na2O | I1: K2O
A2: 1 | B2: CM1 WF SLAG 03/03 | C2: 33.28 | D2: 19.902 | E2: 0.446 | F2: 36.396 | G2: 8.275 | H2: 0.186 | I2: 0.516
A3: 2 | B3: CM2 WF SLAG 03/03 | C3: 33.253 | D3: 19.702 | E3: 0.607 | F3: 36.473 | G3: 8.254 | H3: 0.196 | I3: 0.515
A4: 3 | B4: CM1 WF SLAG 05/03 | C4: 33.689 | D4: 20.626 | E4: 0.164 | F4: 36.105 | G4: 7.7 | H4: 0.128 | I4: 0.588
A5: 4 | B5: CM2 WF SLAG 05/03 | C5: 33.679 | D5: 20.51 | E5: 0.237 | F5: 36.212 | G5: 7.632 | H5: 0.145 | I5: 0.585
A6: 5 | B6: CM1 WF SLAG 08/03 | C6: 33.395 | D6: 20.089 | E6: 0.39 | F6: 36.88 | G6: 7.573 | H6: 0.122 | I6: 0.55
B7: Average | C7: =AVERAGE(C2:C6) -> 33.4592 | D7: =AVERAGE(D2:D6) -> 20.1658 | E7: =AVERAGE(E2:E6) -> 0.3688 | F7: =AVERAGE(F2:F6) -> 36.4132 | G7: =AVERAGE(G2:G6) -> 7.8868 | H7: =AVERAGE(H2:H6) -> 0.1554 | I7: =AVERAGE(I2:I6) -> 0.5508

Sheet Dry_Fly_Ash_Data
A1: S.No | B1: Name | C1: SiO2 (%) | D1: Al2O3 (%) | E1: Fe2O3 (%) | F1: CaO (%) | G1: MgO (%) | H1: SO3 (%) | I1: Na2O (%) | J1: K2O (%) | K1: Mn2O3 (%) | L1: TiO2 (%) | M1: P2O5 (%) | N1: Cr2O3 (%) | O1: TOTAL
A2: 1 | B2: FAD BISMILLAH 06/03 | C2: 54.532 | D2: 31.491 | E2: 5.439 | F2: 0.397 | G2: 2.255 | H2: 0.667 | I2: 0.156 | J2: 0.996 | K2: 0.073 | L2: 1.742 | M2: 0.249 | N2: 0.002 | O2: 98
A3: 2 | B3: FAD TS2 06/03 | C3: 43.43 | D3: 19.8 | E3: 10.337 | F3: 12.582 | G3: 4.154 | H3: 5.984 | I3: 0.171 | J3: 0.089 | K3: 0.046 | L3: 1.259 | M3: 0.147 | N3: 0.002 | O3: 98
A4: 3 | B4: FAD BISMILLAH 06/03 | C4: 10.149 | D4: 0.284 | E4: -1.237 | F4: 28.544 | G4: 2.269 | H4: 57.263 | I4: 0.14 | J4: 0.027 | K4: -0.01 | L4: 0.418 | M4: 0.165 | N4: -0.013 | O4: 98
A5: 4 | B5: FAD HORIZON 06/03 | C5: 55.828 | D5: 26.903 | E5: 8.264 | F5: 1.042 | G5: 2.273 | H5: 0.612 | I5: 0.152 | J5: 0.902 | K5: 0.16 | L5: 1.673 | M5: 0.178 | N5: 0.014 | O5: 98
A6: 5 | B6: FAD NNTP 07/03 | C6: 51.809 | D6: 26.8 | E6: 7.795 | F6: 5.402 | G6: 2.838 | H6: 1.289 | I6: 0.153 | J6: 0.078 | K6: 0.029 | L6: 1.65 | M6: 0.145 | N6: 0.012 | O6: 98
A7: 6 | B7: FAD TS2 07/03 | C7: 38.782 | D7: 18.374 | E7: 12.131 | F7: 15.532 | G7: 4.47 | H7: 7.033 | I7: 0.179 | J7: 0.09 | K7: 0.053 | L7: 1.201 | M7: 0.149 | N7: 0.004 | O7: 98
A8: 7 | B8: FAD NNTPP 08/03 | C8: 52.503 | D8: 25.68 | E8: 7.189 | F8: 5.863 | G8: 3.01 | H8: 1.687 | I8: 0.157 | J8: 0.193 | K8: 0.031 | L8: 1.508 | M8: 0.163 | N8: 0.014 | O8: 98
A9: 8 | B9: FAD BISMILLAH 08/03 | C9: 53.836 | D9: 29.701 | E9: 6.249 | F9: 1.476 | G9: 2.491 | H9: 1.15 | I9: 0.161 | J9: 0.91 | K9: 0.063 | L9: 1.692 | M9: 0.263 | N9: 0.009 | O9: 98
A10: 9 | B10: FAD HORIZON 08/03 | C10: 55.063 | D10: 31.283 | E10: 5.285 | F10: 0.316 | G10: 2.237 | H10: 0.669 | I10: 0.155 | J10: 0.909 | K10: 0.059 | L10: 1.751 | M10: 0.262 | N10: 0.009 | O10: 98
A11: 10 | B11: FAD ILFS 08/03 | C11: 45.04 | D11: 26.67 | E11: 10.717 | F11: 7.237 | G11: 4.565 | H11: 1.312 | I11: 0.231 | J11: 0.45 | K11: 0.249 | L11: 1.276 | M11: 0.254 | N11: -0.002 | O11: 98
A12: 11 | B12: FAD BISMILLAH 08/03 | C12: 54.601 | D12: 31.858 | E12: 5.571 | F12: 0.13 | G12: 2.125 | H12: 0.596 | I12: 0.156 | J12: 0.773 | K12: 0.072 | L12: 1.851 | M12: 0.258 | N12: 0.009 | O12: 98
A13: 12 | B13: FAD BISMILLAH 09/03 | C13: 55.146 | D13: 31.195 | E13: 5.254 | F13: 0.289 | G13: 2.239 | H13: 0.641 | I13: 0.16 | J13: 0.932 | K13: 0.061 | L13: 1.808 | M13: 0.265 | N13: 0.01 | O13: 98
A14: 13 | B14: FAD HORIZON 09/03 | C14: 56.487 | D14: 27.08 | E14: 6.118 | F14: 1.849 | G14: 2.479 | H14: 0.775 | I14: 0.163 | J14: 1.038 | K14: 0.129 | L14: 1.701 | M14: 0.174 | N14: 0.006 | O14: 98
B15: Average | C15: =AVERAGE(Table1[SiO2 (%)]) -> 48.246615 | D15: =AVERAGE(Table1[Al2O3 (%)]) -> 25.163 | E15: =AVERAGE(Table1[Fe2O3 (%)]) -> 6.8547692 | F15: =AVERAGE(Table1[CaO (%)]) -> 6.2045385 | G15: =AVERAGE(Table1[MgO (%)]) -> 2.8773077 | H15: =AVERAGE(Table1[SO3 (%)]) -> 6.1290769 | I15: =AVERAGE(Table1[Na2O (%)]) -> 0.16415385 | J15: =AVERAGE(Table1[K2O (%)]) -> 0.56823077 | K15: =AVERAGE(Table1[Mn2O3 (%)]) -> 0.078076923 | L15: =AVERAGE(Table1[TiO2 (%)]) -> 1.5023077 | M15: =AVERAGE(Table1[P2O5 (%)]) -> 0.20553846 | N15: =AVERAGE(Table1[Cr2O3 (%)]) -> 0.0058461538

Sheet Wet_Fly_Ash_Data
A1: S.No | B1: Name | C1: SiO2 (%) | D1: Al2O3 (%) | E1: Fe2O3 (%) | F1: CaO (%) | G1: MgO (%) | H1: SO3 (%) | I1: Na2O (%) | J1: K2O (%) | K1: Mn2O3 (%) | L1: TiO2 (%) | M1: P2O5 (%) | N1: Cr2O3 (%) | O1: TOTAL
A2: 1 | B2: FAW DYKE 01/03 | C2: 56.178 | D2: 24.78 | E2: 10.781 | F2: 0.397 | G2: 2.257 | H2: 0.566 | I2: 0.156 | J2: 0.847 | K2: 0.171 | L2: 1.609 | M2: 0.241 | N2: 0.019 | O2: 98
A3: 2 | B3: FAW DYKE 03/03 | C3: 55.394 | D3: 28.852 | E3: 7.285 | F3: 0.494 | G3: 2.248 | H3: 0.674 | I3: 0.155 | J3: 0.841 | K3: 0.104 | L3: 1.711 | M3: 0.232 | N3: 0.01 | O3: 98
A4: 3 | B4: FAW DYKE ASH 03/03 | C4: 54.832 | D4: 30.139 | E4: 6.966 | F4: 0.205 | G4: 2.167 | H4: 0.582 | I4: 0.157 | J4: 0.819 | K4: 0.09 | L4: 1.769 | M4: 0.259 | N4: 0.013 | O4: 98
A5: 4 | B5: FAW DYKE 04/03 | C5: 55.842 | D5: 26.399 | E5: 9.6 | F5: 0.363 | G5: 2.221 | H5: 0.553 | I5: 0.153 | J5: 0.835 | K5: 0.151 | L5: 1.637 | M5: 0.228 | N5: 0.019 | O5: 98
A6: 5 | B6: FAW DYKE 04/03 | C6: 54.674 | D6: 28.167 | E6: 8.621 | F6: 0.592 | G6: 2.27 | H6: 0.635 | I6: 0.156 | J6: 0.861 | K6: 0.131 | L6: 1.65 | M6: 0.235 | N6: 0.007 | O6: 98
A7: 6 | B7: FAW DYKE 05/03 | C7: 55.284 | D7: 27.313 | E7: 8.884 | F7: 0.514 | G7: 2.28 | H7: 0.694 | I7: 0.157 | J7: 0.842 | K7: 0.13 | L7: 1.652 | M7: 0.234 | N7: 0.016 | O7: 98
A8: 7 | B8: FAW DYKE ASH 06/03 | C8: 54.922 | D8: 30.284 | E8: 6.262 | F8: 0.469 | G8: 2.295 | H8: 0.646 | I8: 0.161 | J8: 0.809 | K8: 0.091 | L8: 1.79 | M8: 0.261 | N8: 0.01 | O8: 98
A9: 8 | B9: FAW DYKE ASH 06/03 | C9: 54.024 | D9: 28.218 | E9: 8.703 | F9: 0.912 | G9: 2.299 | H9: 0.869 | I9: 0.155 | J9: 0.773 | K9: 0.117 | L9: 1.666 | M9: 0.246 | N9: 0.017 | O9: 98
A10: 9 | B10: FAW DYKE 07/03 | C10: 54.476 | D10: 27.845 | E10: 9.279 | F10: 0.518 | G10: 2.28 | H10: 0.58 | I10: 0.155 | J10: 0.8 | K10: 0.135 | L10: 1.665 | M10: 0.243 | N10: 0.024 | O10: 98
A11: 10 | B11: FAW DYKE ASH 07/03 | C11: 55.194 | D11: 29.803 | E11: 6.281 | F11: 0.634 | G11: 2.313 | H11: 0.667 | I11: 0.161 | J11: 0.802 | K11: 0.091 | L11: 1.78 | M11: 0.262 | N11: 0.011 | O11: 98
A12: 11 | B12: FAW DYKE 08/03 | C12: 55.495 | D12: 29.912 | E12: 6.527 | F12: 0.135 | G12: 2.209 | H12: 0.627 | I12: 0.159 | J12: 0.835 | K12: 0.094 | L12: 1.768 | M12: 0.224 | N12: 0.012 | O12: 98
A13: 12 | B13: FAW DYKE CM1 WF 08/03 | C13: 55.901 | D13: 26.751 | E13: 8.934 | F13: 0.39 | G13: 2.333 | H13: 0.606 | I13: 0.163 | J13: 0.835 | K13: 0.132 | L13: 1.693 | M13: 0.236 | N13: 0.024 | O13: 98
A14: 13 | B14: FAW DYKE ASH 09/03 | C14: 55.673 | D14: 28.619 | E14: 7.469 | F14: 0.289 | G14: 2.249 | H14: 0.594 | I14: 0.16 | J14: 0.857 | K14: 0.108 | L14: 1.735 | M14: 0.236 | N14: 0.01 | O14: 98
B15: Avearge | C15: =AVERAGE(C2:C14) -> 55.222231 | D15: =AVERAGE(D2:D14) -> 28.237077 | E15: =AVERAGE(E2:E14) -> 8.1224615 | F15: =AVERAGE(F2:F14) -> 0.45476923 | G15: =AVERAGE(G2:G14) -> 2.2631538 | H15: =AVERAGE(H2:H14) -> 0.63792308 | I15: =AVERAGE(I2:I14) -> 0.15753846 | J15: =AVERAGE(J2:J14) -> 0.82738462 | ... O15: =AVERAGE(O2:O14) -> 98

Sheet Gypsum_Data
A1: Name | B1: SO3 | C1: CaO | D1: SiO2 | E1: MgO | F1: Loss
A2: Gypsum | B2: 41.2 | C2: 32.55 | D2: 5.8 | E2: 2.1 | F2: 0.9

Sheet CaO Model
A1: Params | B1: Clinker | C1: DFA | D1: WFA | E1: SLAG | F1: GYPSUM | H1: PCC
A2: {=TRANSPOSE(Clinker_Data!C1:N1)} -> SiO2 (%) | B2: {=TRANSPOSE(Clinker_Data!C27:N27)} -> 20.449 | C2: {=TRANSPOSE(Dry_Fly_Ash_Data!C15:N15)} -> 48.246615 | D2: {=TRANSPOSE(Wet_Fly_Ash_Data!C15:N15)} -> 55.222231 | E2: {=TRANSPOSE(Slag_Data!C7:G7)} -> 33.4592 | F2: =Gypsum_Data!D2 -> 5.8
A3: Al2O3 (%) | B3: 4.57244 | C3: 25.163 | D3: 28.237077 | E3: 20.1658 | F3: 0.76
A4: Fe2O3 (%) | B4: 5.247 | C4: 6.8547692 | D4: 8.1224615 | E4: 0.3688 | F4: 0.68
A5: CaO (%) | B5: 65.41028 | C5: 6.2045385 | D5: 0.45476923 | E5: 36.4132 | F5: =Gypsum_Data!C2 -> 32.55
A6: MgO (%) | B6: 0.88068 | C6: 2.8773077 | D6: 2.2631538 | E6: 7.8868 | F6: =Gypsum_Data!E2 -> 2.1
A7: SO3 (%) | B7: 1.62944 | C7: 6.1290769 | D7: 0.63792308 | E7: 0 | F7: =Gypsum_Data!B2 -> 41.2
A8: Na2O (%) | B8: 0.21648 | C8: 0.16415385 | D8: 0.15753846 | E8: =Slag_Data!H7 -> 0.1554 | F8: 0.008
A9: K2O (%) | B9: 0.74344 | C9: 0.56823077 | D9: 0.82738462 | E9: =Slag_Data!I7 -> 0.5508 | F9: 0.007
A10: Mn2O3 (%) | B10: 0.15392 | C10: 0.078076923 | D10: 0.11884615 | E10: 0.22 | F10: 0
A11: TiO2 (%) | B11: 0.25172 | C11: 1.5023077 | D11: 1.7019231 | E11: 0.33 | F11: 0
A12: P2O5 (%) | B12: 0.13288 | C12: 0.20553846 | D12: 0.24130769 | E12: 0.05 | F12: 0
A13: Cr2O3 (%) | B13: 0.002 | C13: 0.0058461538 | D13: 0.014769231 | E13: 0 | F13: 0
A15: % | B15: 72 | C15: 10 | D15: 8 | E15: 5 | F15: 5

Sheet Cement_Mill_Data
A1: Date | B1: Clinker % | C1: DFA % | D1: WFA % | E1: Slag % | F1: Gypsum % | G1: Blaine
A2: 46087 | B2: 72 | C2: 10 | D2: 8 | E2: 5 | F2: 5 | G2: 340

Sheet Hourly Results

Sheet Dashboard
